{"cameraMode":{"drawMode":0,"name":"Shaded","section":"Shading Mode"},"sceneLighting":true,"audioPlay":false,"sceneViewState":{"m_AlwaysRefresh":false,"showFog":true,"showSkybox":true,"showFlares":true,"showImageEffects":true,"showParticleSystems":true,"showVisualEffectGraphs":true,"m_FxEnabled":true},"in2DMode":false,"pivot":{"x":-11.051759719848633,"y":9.853033065795899,"z":-8.480535507202149},"rotation":{"x":-0.0014107248280197383,"y":0.33960697054862978,"z":0.0005091569619253278,"w":0.9405661225318909},"size":6.838194847106934,"orthographic":true}