{"cameraMode":{"drawMode":0,"name":"Shaded","section":"Shading Mode"},"sceneLighting":false,"audioPlay":false,"sceneViewState":{"m_AlwaysRefresh":false,"showFog":true,"showSkybox":false,"showFlares":true,"showImageEffects":true,"showParticleSystems":true,"showVisualEffectGraphs":true,"m_FxEnabled":true},"in2DMode":false,"pivot":{"x":-0.6981844305992127,"y":1.752445101737976,"z":-0.1978752613067627},"rotation":{"x":0.10733934491872788,"y":0.09084023535251618,"z":-0.009849064983427525,"w":0.9900153875350952},"size":5.100077152252197,"orthographic":false}